study	individual	group	count	intervention	measurement_type	substance	tissue	method	label	time	time_unit	value	mean	mean_pm	sd	se	unit	comments	factor	raw	rawpm
Kasichayanula2013	NA	normal	4.0	DAP20_d10	concentration	dapagliflozin	plasma	HPLC MS/MS	dapagliflozin_DAP20_d10_normal	0.0	hr	NA	11.1080619501246	16.7401260740776	5.63206412395299	2.81603206197649	ng/ml	time adjusted, values adjusted	NA	20.0969230078393	30.2865636114396
Kasichayanula2013	NA	normal	4.0	DAP20_d10	concentration	dapagliflozin	plasma	HPLC MS/MS	dapagliflozin_DAP20_d10_normal	0.5	hr	NA	61.5526369440158	101.128056986015	39.5754200419994	19.7877100209997	ng/ml	time adjusted, values adjusted	NA	111.362235027821	182.962859255348
Kasichayanula2013	NA	normal	4.0	DAP20_d10	concentration	dapagliflozin	plasma	HPLC MS/MS	dapagliflozin_DAP20_d10_normal	1.0	hr	NA	253.942038564442	426.309945183243	172.367906618801	86.1839533094005	ng/ml	time adjusted, values adjusted	NA	459.436904511152	771.288293519801
Kasichayanula2013	NA	normal	4.0	DAP20_d10	concentration	dapagliflozin	plasma	HPLC MS/MS	dapagliflozin_DAP20_d10_normal	1.5	hr	NA	338.551663844278	528.901687317605	190.350023473327	95.1750117366637	ng/ml	time adjusted, values adjusted	1.97585256110606	612.51429394288	956.899280582332
Kasichayanula2013	NA	normal	4.0	DAP20_d10	concentration	dapagliflozin	plasma	HPLC MS/MS	dapagliflozin_DAP20_d10_normal	2.0	hr	NA	293.074986524731	560.040734174196	266.965747649465	133.482873824732	ng/ml	time adjusted, values adjusted	NA	530.236999591544	1013.23665338636
Kasichayanula2013	NA	normal	4.0	DAP20_d10	concentration	dapagliflozin	plasma	HPLC MS/MS	dapagliflozin_DAP20_d10_normal	4.0	hr	NA	155.407375607783	222.698379987285	67.2910043795017	33.6455021897509	ng/ml	time adjusted, values adjusted	NA	281.166064473105	402.910266135561
Kasichayanula2013	NA	normal	4.0	DAP20_d10	concentration	dapagliflozin	plasma	HPLC MS/MS	dapagliflozin_DAP20_d10_normal	6.0	hr	NA	91.7935333126437	128.732169091712	36.9386357790678	18.4693178895339	ng/ml	time adjusted, values adjusted	NA	166.074656396838	232.904758947555
Kasichayanula2013	NA	normal	4.0	DAP20_d10	concentration	dapagliflozin	plasma	HPLC MS/MS	dapagliflozin_DAP20_d10_normal	8.0	hr	NA	58.2636890082111	83.4925987371438	25.2289097289327	12.6144548644664	ng/ml	time adjusted, values adjusted	NA	105.411806074558	151.056443156223
Kasichayanula2013	NA	normal	4.0	DAP20_d10	concentration	dapagliflozin	plasma	HPLC MS/MS	dapagliflozin_DAP20_d10_normal	10.0	hr	NA	38.0641250660707	56.5451577958482	18.4810327297775	9.24051636488875	ng/ml	time adjusted, values adjusted	NA	68.8663597888026	102.302605782329
Kasichayanula2013	NA	normal	4.0	DAP20_d10	concentration	dapagliflozin	plasma	HPLC MS/MS	dapagliflozin_DAP20_d10_normal	12.0	hr	NA	27.108551485414	42.350282549391	15.241731063977	7.62086553198852	ng/ml	time adjusted, values adjusted	NA	49.0453217224181	76.6209597656956
Kasichayanula2013	NA	normal	4.0	DAP20_d10	concentration	dapagliflozin	plasma	HPLC MS/MS	dapagliflozin_DAP20_d10_normal	18.0	hr	NA	15.1893518893542	23.0565228576372	7.86717096828303	3.93358548414152	ng/ml	time adjusted, values adjusted	NA	27.4808726157586	41.7143122516727
Kasichayanula2013	NA	normal	4.0	DAP20_d10	concentration	dapagliflozin	plasma	HPLC MS/MS	dapagliflozin_DAP20_d10_normal	24.0	hr	NA	11.8498550314798	17.7301756176502	5.88032058617035	2.94016029308517	ng/ml	time adjusted, values adjusted	NA	21.4389895637048	32.0777806158516
Kasichayanula2013	NA	mild	4.0	DAP20_d10	concentration	dapagliflozin	plasma	HPLC MS/MS	dapagliflozin_DAP20_d10_mild	0.0	hr	NA	29.3439018851574	40.2725124504012	10.9286105652438	5.4643052826219	ng/ml	time adjusted, values adjusted	NA	53.0895613999509	72.8618174513227
Kasichayanula2013	NA	mild	4.0	DAP20_d10	concentration	dapagliflozin	plasma	HPLC MS/MS	dapagliflozin_DAP20_d10_mild	0.5	hr	NA	70.5687663907896	149.152590442078	78.5838240512882	39.2919120256441	ng/ml	time adjusted, values adjusted	NA	127.674392822232	269.849784777317
Kasichayanula2013	NA	mild	4.0	DAP20_d10	concentration	dapagliflozin	plasma	HPLC MS/MS	dapagliflozin_DAP20_d10_mild	1.0	hr	NA	324.328117758846	426.309945183243	101.981827424397	50.9909137121984	ng/ml	time adjusted, values adjusted	1.63905244716043	586.780776083434	771.288293519801
Kasichayanula2013	NA	mild	4.0	DAP20_d10	concentration	dapagliflozin	plasma	HPLC MS/MS	dapagliflozin_DAP20_d10_mild	4.0	hr	NA	216.379970766585	358.069275709751	141.689304943166	70.8446524715831	ng/ml	time adjusted, values adjusted	NA	391.478876554681	647.825939189233
Kasichayanula2013	NA	mild	4.0	DAP20_d10	concentration	dapagliflozin	plasma	HPLC MS/MS	dapagliflozin_DAP20_d10_mild	6.0	hr	NA	131.537135784578	176.676159251181	45.1390234666039	22.5695117333019	ng/ml	time adjusted, values adjusted	NA	237.979559567068	319.64596396151
Kasichayanula2013	NA	mild	4.0	DAP20_d10	concentration	dapagliflozin	plasma	HPLC MS/MS	dapagliflozin_DAP20_d10_mild	8.0	hr	NA	84.7037323940363	123.142258988602	38.4385265945656	19.2192632972828	ng/ml	time adjusted, values adjusted	NA	153.247649863933	222.791384223202
Kasichayanula2013	NA	mild	4.0	DAP20_d10	concentration	dapagliflozin	plasma	HPLC MS/MS	dapagliflozin_DAP20_d10_mild	10.0	hr	NA	65.2952688219587	94.926240872122	29.6309720501632	14.8154860250816	ng/ml	time adjusted, values adjusted	NA	118.133477845463	171.74241220443
Kasichayanula2013	NA	mild	4.0	DAP20_d10	concentration	dapagliflozin	plasma	HPLC MS/MS	dapagliflozin_DAP20_d10_mild	12.0	hr	NA	50.6968892771406	72.1284022720867	21.4315129949461	10.7157564974731	ng/ml	time adjusted, values adjusted	NA	91.72180395773	130.496116572732
Kasichayanula2013	NA	mild	4.0	DAP20_d10	concentration	dapagliflozin	plasma	HPLC MS/MS	dapagliflozin_DAP20_d10_mild	18.0	hr	NA	28.4059733158743	38.1527228123596	9.7467494964853	4.87337474824265	ng/ml	time adjusted, values adjusted	NA	51.392642681963	69.0266525647909
Kasichayanula2013	NA	mild	4.0	DAP20_d10	concentration	dapagliflozin	plasma	HPLC MS/MS	dapagliflozin_DAP20_d10_mild	24.0	hr	NA	26.5288000255128	36.9371205938153	10.4083205683026	5.20416028415128	ng/ml	time adjusted, values adjusted	NA	47.9964240384089	66.8273612479138
Kasichayanula2013	NA	moderate	6.0	DAP20_d10	concentration	dapagliflozin	plasma	HPLC MS/MS	dapagliflozin_DAP20_d10_moderate	0.0	hr	NA	85.7283740850047	149.19339166232	63.4650175773157	25.9094849301982	ng/ml	time adjusted, values adjusted	NA	155.101451658204	269.92360314325
Kasichayanula2013	NA	moderate	6.0	DAP20_d10	concentration	dapagliflozin	plasma	HPLC MS/MS	dapagliflozin_DAP20_d10_moderate	0.5	hr	NA	169.77418841305	280.945230114891	111.171041701841	45.3853877238634	ng/ml	time adjusted, values adjusted	NA	307.158783285071	508.291606977878
Kasichayanula2013	NA	moderate	6.0	DAP20_d10	concentration	dapagliflozin	plasma	HPLC MS/MS	dapagliflozin_DAP20_d10_moderate	1.0	hr	NA	369.173086847892	426.30097584298	57.1278889950881	23.322363020054	ng/ml	time adjusted, values adjusted	NA	667.915171544865	771.272066013913
Kasichayanula2013	NA	moderate	6.0	DAP20_d10	concentration	dapagliflozin	plasma	HPLC MS/MS	dapagliflozin_DAP20_d10_moderate	1.5	hr	NA	457.995537418798	725.89691805444	267.901380635642	109.37028065741	ng/ml	time adjusted, values adjusted	1.61838766975886	828.614486916534	1313.30690621547
Kasichayanula2013	NA	moderate	6.0	DAP20_d10	concentration	dapagliflozin	plasma	HPLC MS/MS	dapagliflozin_DAP20_d10_moderate	2.0	hr	NA	451.313945873961	715.269351265392	263.95540539143	107.759343009747	ng/ml	time adjusted, values adjusted	NA	816.526020769214	1294.07930445387
Kasichayanula2013	NA	moderate	6.0	DAP20_d10	concentration	dapagliflozin	plasma	HPLC MS/MS	dapagliflozin_DAP20_d10_moderate	4.0	hr	NA	326.090006231666	535.756017668838	209.666011437172	85.5957907376021	ng/ml	time adjusted, values adjusted	NA	589.96841917956	969.300269157794
Kasichayanula2013	NA	moderate	6.0	DAP20_d10	concentration	dapagliflozin	plasma	HPLC MS/MS	dapagliflozin_DAP20_d10_moderate	6.0	hr	NA	239.016536879071	418.965198465543	179.948661586472	73.4637334639374	ng/ml	time adjusted, values adjusted	NA	432.433394846631	758.000034059198
Kasichayanula2013	NA	moderate	6.0	DAP20_d10	concentration	dapagliflozin	plasma	HPLC MS/MS	dapagliflozin_DAP20_d10_moderate	8.0	hr	NA	181.613437583809	309.319369498909	127.7059319151	52.1357283864341	ng/ml	time adjusted, values adjusted	NA	328.578584518057	559.6266550875
Kasichayanula2013	NA	moderate	6.0	DAP20_d10	concentration	dapagliflozin	plasma	HPLC MS/MS	dapagliflozin_DAP20_d10_moderate	10.0	hr	NA	172.488951761297	267.544125992813	95.0551742315161	38.8061123797611	ng/ml	time adjusted, values adjusted	NA	312.070386248684	484.046067209493
Kasichayanula2013	NA	moderate	6.0	DAP20_d10	concentration	dapagliflozin	plasma	HPLC MS/MS	dapagliflozin_DAP20_d10_moderate	12.0	hr	NA	142.88174430426	255.92122870162	113.03948439736	46.1481762601387	ng/ml	time adjusted, values adjusted	NA	258.504447256552	463.017694029911
Kasichayanula2013	NA	moderate	6.0	DAP20_d10	concentration	dapagliflozin	plasma	HPLC MS/MS	dapagliflozin_DAP20_d10_moderate	18.0	hr	NA	100.065570269718	193.99238157145	93.9268113017319	38.3454601426539	ng/ml	time adjusted, values adjusted	NA	181.040587500819	350.9748121728
Kasichayanula2013	NA	moderate	6.0	DAP20_d10	concentration	dapagliflozin	plasma	HPLC MS/MS	dapagliflozin_DAP20_d10_moderate	24.0	hr	NA	98.9902921594747	140.835790997196	41.8454988377212	17.0833533641072	ng/ml	time adjusted, values adjusted	NA	179.095173306102	254.802868504622
Kasichayanula2013	NA	severe	3.0	DAP20_d10	concentration	dapagliflozin	plasma	HPLC MS/MS	dapagliflozin_DAP20_d10_severe	0.0	hr	NA	49.2616239313577	55.2724511398667	6.01082720850891	3.47035270688495	ng/ml	time adjusted, values adjusted	NA	89.1250938133745	100.0
Kasichayanula2013	NA	severe	3.0	DAP20_d10	concentration	dapagliflozin	plasma	HPLC MS/MS	dapagliflozin_DAP20_d10_severe	0.5	hr	NA	139.796617384134	219.974157508537	80.1775401244027	46.2905243737859	ng/ml	time adjusted, values adjusted	NA	252.922775272585	397.98154952798
Kasichayanula2013	NA	severe	3.0	DAP20_d10	concentration	dapagliflozin	plasma	HPLC MS/MS	dapagliflozin_DAP20_d10_severe	1.0	hr	NA	393.871931636319	568.505409705354	174.633478069034	100.824685572678	ng/ml	time adjusted, values adjusted	NA	712.600804765521	1028.55110996752
Kasichayanula2013	NA	severe	3.0	DAP20_d10	concentration	dapagliflozin	plasma	HPLC MS/MS	dapagliflozin_DAP20_d10_severe	2.0	hr	NA	374.31163119789	628.389259888568	254.077628690678	146.691787319625	ng/ml	time adjusted, values adjusted	2.00358558141355	677.211926517781	1136.89414333812
Kasichayanula2013	NA	severe	3.0	DAP20_d10	concentration	dapagliflozin	plasma	HPLC MS/MS	dapagliflozin_DAP20_d10_severe	3.99999999999999	hr	NA	312.314435171923	575.733667258004	263.419232086081	152.085164554624	ng/ml	time adjusted, values adjusted	NA	565.045386501157	1041.62861495162
Kasichayanula2013	NA	severe	3.0	DAP20_d10	concentration	dapagliflozin	plasma	HPLC MS/MS	dapagliflozin_DAP20_d10_severe	6.0	hr	NA	228.91935749513	440.613214810081	211.693857314951	122.221505506577	ng/ml	time adjusted, values adjusted	NA	414.165380355307	797.16604877014
Kasichayanula2013	NA	severe	3.0	DAP20_d10	concentration	dapagliflozin	plasma	HPLC MS/MS	dapagliflozin_DAP20_d10_severe	8.0	hr	NA	189.630031095437	395.054593808326	205.424562712889	118.601926580448	ng/ml	time adjusted, values adjusted	NA	343.082362342822	714.740500305735
Kasichayanula2013	NA	severe	3.0	DAP20_d10	concentration	dapagliflozin	plasma	HPLC MS/MS	dapagliflozin_DAP20_d10_severe	10.0	hr	NA	160.513395878335	315.690332784721	155.176936906386	89.5914462949233	ng/ml	time adjusted, values adjusted	NA	290.403976245158	571.153126511194
Kasichayanula2013	NA	severe	3.0	DAP20_d10	concentration	dapagliflozin	plasma	HPLC MS/MS	dapagliflozin_DAP20_d10_severe	12.0	hr	NA	128.265801969547	218.452144360507	90.1863423909601	52.0691090566486	ng/ml	time adjusted, values adjusted	NA	232.060998425728	395.227893562591
Kasichayanula2013	NA	severe	3.0	DAP20_d10	concentration	dapagliflozin	plasma	HPLC MS/MS	dapagliflozin_DAP20_d10_severe	18.0	hr	NA	94.4679899548806	147.582436066894	53.1144461120138	30.6656397606291	ng/ml	time adjusted, values adjusted	NA	170.913335679342	267.009030761885
Kasichayanula2013	NA	severe	3.0	DAP20_d10	concentration	dapagliflozin	plasma	HPLC MS/MS	dapagliflozin_DAP20_d10_severe	24.0	hr	NA	79.1994516590028	142.877235091225	63.6777834322223	36.7643854059922	ng/ml	time adjusted, values adjusted	NA	143.28919746763	258.496289100107
Kasichayanula2013	NA	normal	4.0	DAP20_d10	concentration	dapagliflozin 3-o-glucuronide	plasma	HPLC MS/MS	dapagliflozin 3-o-glucuronide_DAP20_d10_normal	0.0	hr	NA	20.4284878423029	30.2214265517838	9.7929387094809	4.89646935474045	ng/ml	time adjusted	NA	NA	NA
Kasichayanula2013	NA	normal	4.0	DAP20_d10	concentration	dapagliflozin 3-o-glucuronide	plasma	HPLC MS/MS	dapagliflozin 3-o-glucuronide_DAP20_d10_normal	0.5	hr	NA	114.773736289075	187.938496428901	73.164760139826	36.582380069913	ng/ml	time adjusted	NA	NA	NA
Kasichayanula2013	NA	normal	4.0	DAP20_d10	concentration	dapagliflozin 3-o-glucuronide	plasma	HPLC MS/MS	dapagliflozin 3-o-glucuronide_DAP20_d10_normal	1.0	hr	NA	468.668906726582	673.513734928739	204.844828202157	102.422414101079	ng/ml	time adjusted	NA	NA	NA
Kasichayanula2013	NA	normal	4.0	DAP20_d10	concentration	dapagliflozin 3-o-glucuronide	plasma	HPLC MS/MS	dapagliflozin 3-o-glucuronide_DAP20_d10_normal	0.951548403388351	hr	NA	621.871691287876	982.032779063126	360.16108777525	180.080543887625	ng/ml	time adjusted	NA	NA	NA
Kasichayanula2013	NA	normal	4.0	DAP20_d10	concentration	dapagliflozin 3-o-glucuronide	plasma	HPLC MS/MS	dapagliflozin 3-o-glucuronide_DAP20_d10_normal	1.5	hr	NA	617.378044890167	900.182796153666	282.804751263499	141.40237563175	ng/ml	time adjusted	NA	NA	NA
Kasichayanula2013	NA	normal	4.0	DAP20_d10	concentration	dapagliflozin 3-o-glucuronide	plasma	HPLC MS/MS	dapagliflozin 3-o-glucuronide_DAP20_d10_normal	2.0	hr	NA	553.741517602513	756.380210136963	202.63869253445	101.319346267225	ng/ml	time adjusted	NA	NA	NA
Kasichayanula2013	NA	normal	4.0	DAP20_d10	concentration	dapagliflozin 3-o-glucuronide	plasma	HPLC MS/MS	dapagliflozin 3-o-glucuronide_DAP20_d10_normal	4.0	hr	NA	298.944488662296	393.799890054774	94.855401392478	47.427700696239	ng/ml	time adjusted	NA	NA	NA
Kasichayanula2013	NA	normal	4.0	DAP20_d10	concentration	dapagliflozin 3-o-glucuronide	plasma	HPLC MS/MS	dapagliflozin 3-o-glucuronide_DAP20_d10_normal	6.0	hr	NA	169.793577875662	240.492956954736	70.699379079074	35.349689539537	ng/ml	time adjusted	NA	NA	NA
Kasichayanula2013	NA	normal	4.0	DAP20_d10	concentration	dapagliflozin 3-o-glucuronide	plasma	HPLC MS/MS	dapagliflozin 3-o-glucuronide_DAP20_d10_normal	8.0	hr	NA	113.121018601213	142.669358559455	29.548339958242	14.774169979121	ng/ml	time adjusted	NA	NA	NA
Kasichayanula2013	NA	normal	4.0	DAP20_d10	concentration	dapagliflozin 3-o-glucuronide	plasma	HPLC MS/MS	dapagliflozin 3-o-glucuronide_DAP20_d10_normal	10.0	hr	NA	73.7422756235409	105.207631619251	31.4653559957101	15.7326779978551	ng/ml	time adjusted	NA	NA	NA
Kasichayanula2013	NA	normal	4.0	DAP20_d10	concentration	dapagliflozin 3-o-glucuronide	plasma	HPLC MS/MS	dapagliflozin 3-o-glucuronide_DAP20_d10_normal	12.0	hr	NA	50.5751300121958	79.866049818891	29.2909198066952	14.6454599033476	ng/ml	time adjusted	NA	NA	NA
Kasichayanula2013	NA	normal	4.0	DAP20_d10	concentration	dapagliflozin 3-o-glucuronide	plasma	HPLC MS/MS	dapagliflozin 3-o-glucuronide_DAP20_d10_normal	18.0	hr	NA	28.9345893335669	43.430544633167	14.4959552996001	7.24797764980005	ng/ml	time adjusted	NA	NA	NA
Kasichayanula2013	NA	normal	4.0	DAP20_d10	concentration	dapagliflozin 3-o-glucuronide	plasma	HPLC MS/MS	dapagliflozin 3-o-glucuronide_DAP20_d10_normal	24.0	hr	NA	22.7761500325081	33.9397517532373	11.1636017207292	5.5818008603646	ng/ml	time adjusted	NA	NA	NA
Kasichayanula2013	NA	mild	4.0	DAP20_d10	concentration	dapagliflozin 3-o-glucuronide	plasma	HPLC MS/MS	dapagliflozin 3-o-glucuronide_DAP20_d10_mild	0.0	hr	NA	53.2088964741883	73.209413755318	20.0005172811297	10.0002586405648	ng/ml	time adjusted	NA	NA	NA
Kasichayanula2013	NA	mild	4.0	DAP20_d10	concentration	dapagliflozin 3-o-glucuronide	plasma	HPLC MS/MS	dapagliflozin 3-o-glucuronide_DAP20_d10_mild	0.5	hr	NA	130.778223346091	270.082262445812	139.304039099721	69.6520195498605	ng/ml	time adjusted	NA	NA	NA
Kasichayanula2013	NA	mild	4.0	DAP20_d10	concentration	dapagliflozin 3-o-glucuronide	plasma	HPLC MS/MS	dapagliflozin 3-o-glucuronide_DAP20_d10_mild	1.0	hr	NA	626.398045129776	1071.32505006219	444.927004932414	222.463502466207	ng/ml	time adjusted	NA	NA	NA
Kasichayanula2013	NA	mild	4.0	DAP20_d10	concentration	dapagliflozin 3-o-glucuronide	plasma	HPLC MS/MS	dapagliflozin 3-o-glucuronide_DAP20_d10_mild	1.5	hr	NA	813.272749358574	1086.97729472531	273.704545366736	136.852272683368	ng/ml	time adjusted	NA	NA	NA
Kasichayanula2013	NA	mild	4.0	DAP20_d10	concentration	dapagliflozin 3-o-glucuronide	plasma	HPLC MS/MS	dapagliflozin 3-o-glucuronide_DAP20_d10_mild	2.0	hr	NA	790.019471240898	996.380448170844	206.360976929946	103.180488464973	ng/ml	time adjusted	NA	NA	NA
Kasichayanula2013	NA	mild	4.0	DAP20_d10	concentration	dapagliflozin 3-o-glucuronide	plasma	HPLC MS/MS	dapagliflozin 3-o-glucuronide_DAP20_d10_mild	4.0	hr	NA	388.129254377876	557.771979321117	169.642724943241	84.8213624716205	ng/ml	time adjusted	NA	NA	NA
Kasichayanula2013	NA	mild	4.0	DAP20_d10	concentration	dapagliflozin 3-o-glucuronide	plasma	HPLC MS/MS	dapagliflozin 3-o-glucuronide_DAP20_d10_mild	6.0	hr	NA	233.616728017	330.89106441965	97.27433640265	48.637168201325	ng/ml	time adjusted	NA	NA	NA
Kasichayanula2013	NA	mild	4.0	DAP20_d10	concentration	dapagliflozin 3-o-glucuronide	plasma	HPLC MS/MS	dapagliflozin 3-o-glucuronide_DAP20_d10_mild	8.0	hr	NA	157.915658940732	230.252696217933	72.337037277201	36.1685186386005	ng/ml	time adjusted	NA	NA	NA
Kasichayanula2013	NA	mild	4.0	DAP20_d10	concentration	dapagliflozin 3-o-glucuronide	plasma	HPLC MS/MS	dapagliflozin 3-o-glucuronide_DAP20_d10_mild	10.0	hr	NA	114.773736289075	172.274291476994	57.500555187919	28.7502775939595	ng/ml	time adjusted	NA	NA	NA
Kasichayanula2013	NA	mild	4.0	DAP20_d10	concentration	dapagliflozin 3-o-glucuronide	plasma	HPLC MS/MS	dapagliflozin 3-o-glucuronide_DAP20_d10_mild	12.0	hr	NA	91.0028760820186	128.895044407253	37.8921683252344	18.9460841626172	ng/ml	time adjusted	NA	NA	NA
Kasichayanula2013	NA	mild	4.0	DAP20_d10	concentration	dapagliflozin 3-o-glucuronide	plasma	HPLC MS/MS	dapagliflozin 3-o-glucuronide_DAP20_d10_mild	18.0	hr	NA	53.2088964741883	70.092135416959	16.8832389427707	8.44161947138535	ng/ml	time adjusted	NA	NA	NA
Kasichayanula2013	NA	mild	4.0	DAP20_d10	concentration	dapagliflozin 3-o-glucuronide	plasma	HPLC MS/MS	dapagliflozin 3-o-glucuronide_DAP20_d10_mild	24.0	hr	NA	48.7740676579868	69.0828233937633	20.3087557357765	10.1543778678883	ng/ml	time adjusted	NA	NA	NA
Kasichayanula2013	NA	moderate	6.0	DAP20_d10	concentration	dapagliflozin 3-o-glucuronide	plasma	HPLC MS/MS	dapagliflozin 3-o-glucuronide_DAP20_d10_moderate	0.0	hr	NA	172.274291476994	233.616728017	61.342436540006	25.0429448503455	ng/ml	time adjusted	NA	NA	NA
Kasichayanula2013	NA	moderate	6.0	DAP20_d10	concentration	dapagliflozin 3-o-glucuronide	plasma	HPLC MS/MS	dapagliflozin 3-o-glucuronide_DAP20_d10_moderate	0.5	hr	NA	414.307537645843	511.283075948294	96.975538302451	39.5900977287885	ng/ml	time adjusted	NA	NA	NA
Kasichayanula2013	NA	moderate	6.0	DAP20_d10	concentration	dapagliflozin 3-o-glucuronide	plasma	HPLC MS/MS	dapagliflozin 3-o-glucuronide_DAP20_d10_moderate	1.5	hr	NA	1094.88896512768	1331.70934956831	236.82038444063	96.6815170948821	ng/ml	time adjusted	NA	NA	NA
Kasichayanula2013	NA	moderate	6.0	DAP20_d10	concentration	dapagliflozin 3-o-glucuronide	plasma	HPLC MS/MS	dapagliflozin 3-o-glucuronide_DAP20_d10_moderate	2.0	hr	NA	1110.885482674	1351.16585397694	240.28037130294	98.0940508164475	ng/ml	time adjusted	NA	NA	NA
Kasichayanula2013	NA	moderate	6.0	DAP20_d10	concentration	dapagliflozin 3-o-glucuronide	plasma	HPLC MS/MS	dapagliflozin 3-o-glucuronide_DAP20_d10_moderate	4.0	hr	NA	698.38433300001	996.380448170844	297.996115170834	121.656404583365	ng/ml	time adjusted	NA	NA	NA
Kasichayanula2013	NA	moderate	6.0	DAP20_d10	concentration	dapagliflozin 3-o-glucuronide	plasma	HPLC MS/MS	dapagliflozin 3-o-glucuronide_DAP20_d10_moderate	6.0	hr	NA	537.908815075259	801.561792641648	263.652977566389	107.635877367186	ng/ml	time adjusted	NA	NA	NA
Kasichayanula2013	NA	moderate	6.0	DAP20_d10	concentration	dapagliflozin 3-o-glucuronide	plasma	HPLC MS/MS	dapagliflozin 3-o-glucuronide_DAP20_d10_moderate	8.0	hr	NA	393.799890054774	574.189330327705	180.389440272931	73.6436806091572	ng/ml	time adjusted	NA	NA	NA
Kasichayanula2013	NA	moderate	6.0	DAP20_d10	concentration	dapagliflozin 3-o-glucuronide	plasma	HPLC MS/MS	dapagliflozin 3-o-glucuronide_DAP20_d10_moderate	10.0	hr	NA	338.169050626977	496.664354773555	158.495304146578	64.7054369643905	ng/ml	time adjusted	NA	NA	NA
Kasichayanula2013	NA	moderate	6.0	DAP20_d10	concentration	dapagliflozin 3-o-glucuronide	plasma	HPLC MS/MS	dapagliflozin 3-o-glucuronide_DAP20_d10_moderate	12.0	hr	NA	266.193134612613	417.323115523119	151.129980910506	61.6985563445503	ng/ml	time adjusted	NA	NA	NA
Kasichayanula2013	NA	moderate	6.0	DAP20_d10	concentration	dapagliflozin 3-o-glucuronide	plasma	HPLC MS/MS	dapagliflozin 3-o-glucuronide_DAP20_d10_moderate	18.0	hr	NA	193.470241259968	294.639750835719	101.169509575751	41.3022793313678	ng/ml	time adjusted	NA	NA	NA
Kasichayanula2013	NA	moderate	6.0	DAP20_d10	concentration	dapagliflozin 3-o-glucuronide	plasma	HPLC MS/MS	dapagliflozin 3-o-glucuronide_DAP20_d10_moderate	24.0	hr	NA	192.072224812393	274.028211110716	81.955986298323	33.4583912995701	ng/ml	time adjusted	NA	NA	NA
Kasichayanula2013	NA	severe	3.0	DAP20_d10	concentration	dapagliflozin 3-o-glucuronide	plasma	HPLC MS/MS	dapagliflozin 3-o-glucuronide_DAP20_d10_severe	0.0	hr	NA	196.296875016976	70.082262445812	126.214612571164	72.8700405436259	ng/ml	time adjusted	NA	NA	NA
Kasichayanula2013	NA	severe	3.0	DAP20_d10	concentration	dapagliflozin 3-o-glucuronide	plasma	HPLC MS/MS	dapagliflozin 3-o-glucuronide_DAP20_d10_severe	0.5	hr	NA	333.299487349442	435.88314797723	102.583660627788	59.2267040779106	ng/ml	time adjusted	NA	NA	NA
Kasichayanula2013	NA	severe	3.0	DAP20_d10	concentration	dapagliflozin 3-o-glucuronide	plasma	HPLC MS/MS	dapagliflozin 3-o-glucuronide_DAP20_d10_severe	1.0	hr	NA	843.304178003092	1312.53301473522	469.228836732128	270.909395198829	ng/ml	time adjusted	NA	NA	NA
Kasichayanula2013	NA	severe	3.0	DAP20_d10	concentration	dapagliflozin 3-o-glucuronide	plasma	HPLC MS/MS	dapagliflozin 3-o-glucuronide_DAP20_d10_severe	1.5	hr	NA	926.678599963199	1203.13666146209	276.458061498891	159.613136226027	ng/ml	time adjusted	NA	NA	NA
Kasichayanula2013	NA	severe	3.0	DAP20_d10	concentration	dapagliflozin 3-o-glucuronide	plasma	HPLC MS/MS	dapagliflozin 3-o-glucuronide_DAP20_d10_severe	2.0	hr	NA	967.891713376023	1220.71469661332	252.822983237297	145.967417429378	ng/ml	time adjusted	NA	NA	NA
Kasichayanula2013	NA	severe	3.0	DAP20_d10	concentration	dapagliflozin 3-o-glucuronide	plasma	HPLC MS/MS	dapagliflozin 3-o-glucuronide_DAP20_d10_severe	4.0	hr	NA	900.182796153666	1151.90674907137	251.723952917704	145.332891978513	ng/ml	time adjusted	NA	NA	NA
Kasichayanula2013	NA	severe	3.0	DAP20_d10	concentration	dapagliflozin 3-o-glucuronide	plasma	HPLC MS/MS	dapagliflozin 3-o-glucuronide_DAP20_d10_severe	6.0	hr	NA	693.337806061787	926.678599963199	233.340793901412	134.719370171901	ng/ml	time adjusted	NA	NA	NA
Kasichayanula2013	NA	severe	3.0	DAP20_d10	concentration	dapagliflozin 3-o-glucuronide	plasma	HPLC MS/MS	dapagliflozin 3-o-glucuronide_DAP20_d10_severe	8.0	hr	NA	561.831777148987	767.431056102639	205.599278953652	118.702799049084	ng/ml	time adjusted	NA	NA	NA
Kasichayanula2013	NA	severe	3.0	DAP20_d10	concentration	dapagliflozin 3-o-glucuronide	plasma	HPLC MS/MS	dapagliflozin 3-o-glucuronide_DAP20_d10_severe	10.0	hr	NA	442.251476316305	617.378044890167	175.126568573862	101.109371508375	ng/ml	time adjusted	NA	NA	NA
Kasichayanula2013	NA	severe	3.0	DAP20_d10	concentration	dapagliflozin 3-o-glucuronide	plasma	HPLC MS/MS	dapagliflozin 3-o-glucuronide_DAP20_d10_severe	12.0	hr	NA	368.917395443825	503.920707078502	135.003311634677	77.9441983137717	ng/ml	time adjusted	NA	NA	NA
Kasichayanula2013	NA	severe	3.0	DAP20_d10	concentration	dapagliflozin 3-o-glucuronide	plasma	HPLC MS/MS	dapagliflozin 3-o-glucuronide_DAP20_d10_severe	18.0	hr	NA	290.397000329392	393.799890054774	103.402889725382	59.6996862179345	ng/ml	time adjusted	NA	NA	NA
Kasichayanula2013	NA	severe	3.0	DAP20_d10	concentration	dapagliflozin 3-o-glucuronide	plasma	HPLC MS/MS	dapagliflozin 3-o-glucuronide_DAP20_d10_severe	24.0	hr	NA	244.006600738006	316.801625718236	72.79502498023	42.0282272680013	ng/ml	time adjusted	NA	NA	NA
